feature,importance
V14,0.8203371052361446
V4,0.07707427272271951
V10,0.05573286004372801
V12,0.04685576199740795
V3,0.0
Time,0.0
V2,0.0
V1,0.0
V7,0.0
V6,0.0
V5,0.0
V8,0.0
V11,0.0
V9,0.0
V13,0.0
V15,0.0
V16,0.0
V17,0.0
V18,0.0
V19,0.0
V20,0.0
V21,0.0
V22,0.0
V23,0.0
V24,0.0
V25,0.0
V26,0.0
V27,0.0
V28,0.0
Amount,0.0
Hour,0.0
Day,0.0
