Method,F1_Improvement,ROC_Improvement
Self-Training,37.49999999999999,8.750780081425628
KNN Pseudo-Labeling,37.49999999999999,8.750780081425628
Ensemble,37.49999999999999,8.750780081425628
